<?xml version="1.0" encoding="UTF-8"?>
<project-private xmlns="http://www.netbeans.org/ns/project-private/1">
    <editor-bookmarks xmlns="http://www.netbeans.org/ns/editor-bookmarks/2" lastBookmarkId="0"/>
    <open-files xmlns="http://www.netbeans.org/ns/projectui-open-files/2">
        <group>
            <file>file:/C:/Users/Juliano%20Gutierrez/Documents/NetBeansProjects/TrabalhoII/src/htmlgals/SyntaticError.java</file>
            <file>file:/C:/Users/Juliano%20Gutierrez/Documents/NetBeansProjects/TrabalhoII/src/htmlgals/Sintatico.java</file>
            <file>file:/C:/Users/Juliano%20Gutierrez/Documents/NetBeansProjects/TrabalhoII/src/htmlgals/Lexico.java</file>
            <file>file:/C:/Users/Juliano%20Gutierrez/Documents/NetBeansProjects/TrabalhoII/src/compilador/Compilador.java</file>
            <file>file:/C:/Users/Juliano%20Gutierrez/Documents/NetBeansProjects/TrabalhoII/src/htmlgals/Semantico.java</file>
        </group>
    </open-files>
</project-private>
